id,kind,source,requirement,verification_idea
FR-01,functional,US1,"The system shall hold `note`, `task`, `event`, and `contact` PIRs together in one current collection.",Create one of each type and list the collection.
FR-02,functional,US2,The system shall create a `note` PIR containing its required `text` field.,Add a note and show its stored text.
FR-03,functional,US3,The system shall create a `task` PIR containing its required `description` and `deadline` fields.,Add a task and show both fields.
FR-04,functional,US4,"The system shall create an `event` PIR containing its required `description`, `start_time`, and `alarm_time` fields without imposing an order between the two times.","Add an event and show all three fields, including a past time or an alarm after its start."
FR-05,functional,US5,"The system shall create a `contact` PIR containing its required `name`, `address`, and `mobile_number` fields.","Add a contact and show all three fields, including a number with `+` or a leading zero."
FR-06,functional,US2–US5,"The system shall reject any missing, multiline, or whitespace-only required data field and store each accepted field after trimming its leading and trailing whitespace.","Try missing, blank, multiline, and padded values for every schema; inspect accepted values and rejected operations."
FR-07,functional,"US3, US4","The system shall accept time-field values only in valid local `YYYY-MM-DD HH:mm` 24-hour format at minute precision, including valid past times.","Try valid, impossible-date, wrong-format, and timezone-bearing values; confirm past values are accepted."
FR-08,functional,US5,"The system shall preserve a mobile number as text, including `+` and leading zeros, without region-specific validation.",Save and show such a number; try a nonempty mobile string without a region-specific pattern.
FR-09,functional,US1,"The system shall assign each successfully created PIR a unique positive integer ID, starting at 1 and increasing for later creations without reassigning an ID after deletion or loading a file.","Create, delete, and create records; load an older snapshot and create again; compare assigned IDs."
FR-10,functional,US1,The system shall leave the next ID unchanged when creation fails.,Make an invalid `add` between two valid adds and compare assigned IDs.
FR-11,functional,US1,The system shall allow different PIRs to have equal data-field values.,Create two records with identical data and observe distinct IDs.
FR-12,functional,US1–US11,The system shall recognize the command forms listed in §6.1 and reject missing or extra arguments.,"Exercise every form, then remove or add an argument to representative commands."
FR-13,functional,US1–US11,"The system shall match command names, PIR type names, and field names without regard to letter case.",Repeat representative commands with mixed-case names.
FR-14,functional,US2–US5,The `add` command shall take data values in the schema order shown in §6.1 and reject an unknown type or a wrong number of fields.,"Add each type in order, then supply an unknown type and too few or too many values."
FR-15,functional,US1–US11,"The command interface shall parse quoted arguments with spaces and the `\""` and `\\` escapes, and reject malformed quoting or any other escape.","Use spaced and escaped text/path arguments, then unmatched quotes and an unsupported escape."
FR-16,functional,US6,"The `update ID FIELD ""VALUE""` command shall change exactly one existing data field of the PIR selected by ID after applying that field's validation rules.",Update one field of each PIR type; show that other fields are unchanged.
FR-17,functional,US6,"The system shall reject an update to an absent PIR, a field absent from its type, its ID, or its type, without changing the PIR.",Attempt each invalid update and compare the record before and after.
FR-18,functional,"US1, US8","The `list [TYPE]` command shall show every PIR, or only PIRs of the specified canonical type, in ascending ID order with ID, type, and its complete first text field.",List a mixed collection with and without a type filter and compare order and full summary text.
FR-19,functional,US8,"The `show ID` command shall display the ID, type, and every data field of the selected PIR.",Show one PIR of each type and check every field.
FR-20,functional,US8,The `show all` command shall display the complete details of every current PIR in ascending ID order.,Create mixed records and compare displayed details and order.
FR-21,functional,US8,The system shall clearly report an empty collection or an empty `list` type filter instead of presenting a PIR as found.,Run `list` and `show all` on an empty collection and `list TYPE` with no matching type.
FR-22,functional,US9,The `delete ID` command shall remove only the specified existing PIR from the current collection.,Delete one of multiple records and show the remaining records.
FR-23,functional,"US6, US8, US9","The system shall report an absent or invalid ID for `show`, `update`, or `delete` without changing the collection.","Try zero, negative, noninteger, and missing IDs and compare state."
FR-24,functional,US1–US11,"The `help` command shall display the available command forms and the record, quoting, time, and search syntax needed to use them.",Compare help output with the command and syntax definitions in this SRS.
FR-25,functional,US1–US11,The `exit` command or end of input shall terminate the command session normally.,Run a session ending with `exit` and another ending at EOF.
FR-26,functional,US7,The `search EXPR` command shall parse its remaining input as one criterion and reject an empty expression.,"Submit a valid expression, no expression, and a truncated expression."
FR-27,functional,US7,A valid `search` command shall evaluate its criterion against every PIR in the current collection during that command.,"Create matching and nonmatching PIRs of several types, search, and compare the result set."
FR-28,functional,US7,"The system shall support a type atom `type = ""TYPE""` where `TYPE` is one of the four canonical PIR types, matched without regard to case.",Search for each type with mixed-case type literals; reject an unknown type literal.
FR-29,functional,US7,"The system shall support `FIELD contains ""STRING""` for `text`, `description`, `name`, `address`, and `mobile_number`, with a nonempty quoted string.",Search each of the five text fields; reject empty or unquoted strings.
FR-30,functional,US7,Text containment shall ignore letter case and match a string occurring anywhere in the applicable field value.,Search for an interior substring using different case and compare positive and negative matches.
FR-31,functional,US7,"The system shall support `<`, `>`, and `=` comparisons on each of `deadline`, `start_time`, and `alarm_time` against a quoted valid `YYYY-MM-DD HH:mm` value.","Exercise all nine field-operator pairs, plus invalid and unquoted time literals."
FR-32,functional,US7,Time comparisons shall compare the represented local date and minute chronologically.,"Test before, after, and equal times across day and month boundaries."
FR-33,functional,US7,The `&&` operator shall match a PIR only when both operand conditions match it.,Test all four truth combinations of two atoms.
FR-34,functional,US7,The `||` operator shall match a PIR when at least one operand condition matches it.,Test all four truth combinations of two atoms.
FR-35,functional,US7,The `!` operator shall invert the match result of its following condition.,Negate matching and nonmatching atoms and a parenthesized expression.
FR-36,functional,US7,"The system shall evaluate parentheses first, then `!`, then `&&`, then `||`.",Compare expressions whose results distinguish each precedence level and explicit grouping.
FR-37,functional,US7,"A valid atom referring to a field absent from the PIR type being tested shall evaluate false for that PIR, so negating that atom evaluates true.",Evaluate `deadline` on a note and its negation on the same note.
FR-38,functional,US7,"The system shall reject the entire search for an unknown field, unsupported operator, invalid literal, malformed expression, or unmatched parenthesis without displaying partial matches or changing stored data.",Submit one case of each error after creating records; compare state and output.
FR-39,functional,US7,"Search results shall be displayed in ascending ID order with each match's ID, type, and complete first text field.",Create matches in mixed type order and compare the resulting summaries and order.
FR-40,functional,US7,A valid search with no matches shall clearly report that no PIR matched.,Search for a valid criterion that matches none of the current PIRs.
FR-41,functional,US10,"The `save ""PATH.pim""` command shall store the complete current PIR collection in a file whose extension is exactly `.pim`.","Save four PIR types, inspect the file path and contents, and reject other extensions."
FR-42,functional,US10,A saved file shall use the version 1 UTF-8 JSON structure and exact record schemas stated in §6.3.,"Parse a saved file and check encoding, top-level keys/values, IDs, order, and each record's fields."
FR-43,functional,US10,"Saving shall write to a temporary sibling file and replace the destination only after successful serialization, leaving the previous destination intact if saving fails.",Inspect the save procedure's temporary path; induce a write/serialization failure and compare the destination's previous bytes.
FR-44,functional,US11,"The `load ""PATH.pim""` command shall read a `.pim` file and validate its complete contents before changing current state.","Load a valid file and separately attempt truncated, wrong-extension, and unreadable files."
FR-45,functional,US11,"Load validation shall reject an incorrect format or version, missing or extra keys or fields, invalid field values, nonpositive or duplicate IDs, or a `next_id` no greater than the maximum stored ID.",Mutate one aspect of an otherwise valid file for each listed category and attempt load.
FR-46,functional,US11,"Successful loading shall replace, rather than merge with, the current collection and shall use the greater of the pre-load and file `next_id` values for later creation.","Load a snapshot over different in-memory records, including an older snapshot with a lower counter; add a PIR and inspect the assigned ID."
FR-47,functional,US11,A failed load shall preserve the entire prior in-memory collection and next ID.,"Record state and the next assigned ID, attempt invalid loads, then compare state and ID assignment."
FR-48,functional,"US10, US11",The system shall resolve a relative `save` or `load` path against the process working directory.,Run from a chosen directory and use relative paths for save and load.
FR-49,functional,US1–US11,"An unknown command, invalid argument, invalid path or file, or I/O failure shall produce an error message identifying the rejected input or failure category and return to the command prompt.","Exercise each error category, inspect the message for the input or category, and issue a subsequent valid command."
FR-50,functional,US1–US11,A failed command shall not partially change the in-memory collection.,"Compare the collection before and after failed create, update, delete, search, save, and load operations."
NFR-01,non-functional,Official p. 1; group scope,The delivered PIM shall operate through a local command-line interface without requiring a GUI or network connection.,Run the documented commands with network unavailable and no graphical session.
NFR-02,non-functional,Group decision,The delivered PIM shall run under Python 3.11 and each newer Python version explicitly listed as supported in the developer manual on its documented platform.,Run its documented launch and acceptance commands with Python 3.11 and every later version listed as supported.
NFR-03,non-functional,Official pp. 1–2,The PIM implementation shall invoke only Python standard-library modules.,Audit runtime imports and run from an environment without third-party packages.
NFR-04,non-functional,Official pp. 1–2,All code belonging to the system model shall reside in a separate package named `model`.,Inspect the package tree and model behavior exercised by unit tests.
NFR-05,non-functional,Official p. 2; group architecture choice,The command-facing and file-facing major components shall be identifiable separately from the `model` package.,Inspect the delivered source layout and its design document for responsibility mapping.
